,DD_sa,Tt_sa,BIAS_sa,RMSE_sa,MAE_sa,rho_sa,KGE_sa,NSE_sa
0,1.9522101874405515,2.9954864076220376,15.039471214673071,59.724819764675075,26.946246569132217,0.9354626987136059,0.8418079973668158,0.8208571993523959
1,3.8255875949664024,3.469530129436258,3.4632410983314514,37.986891954709165,18.170898626827224,0.9354626987136059,0.9432984118836285,0.9275301792862356
2,2.815691398392371,3.9138015405053093,18.144075920253798,59.88711535992214,27.505583589214382,0.9354626987136059,0.817030657016475,0.8198822750114152
3,6.220913970725591,5.289332918997069,20.674205915912623,56.86226394797955,27.22816595122685,0.9354626987136059,0.7929686488040459,0.8376179732168454
4,6.881470821418459,4.701265798351991,9.413919970707084,39.62432364601468,19.413720591700475,0.9354626987136059,0.9075630948499613,0.9211478774225198
5,3.9085044308044528,3.8811107337482866,8.586301588546291,43.33985789254446,20.293598335930216,0.9354626987136059,0.9106306555022186,0.9056667863473554
6,2.331535177446148,3.2980756017393613,13.75658455963898,55.960211062037274,25.345430882123463,0.9354626987136059,0.85671021545077,0.8427291074491376
7,5.075133741487279,6.333806383321914,37.8816024501311,86.5180045174089,41.568163990688554,0.9354626987136059,0.6131636194060444,0.6240737502599023
8,1.1160152250011015,6.087013008421318,79.33361209553162,148.0962160423388,82.7464334138099,0.9354626987136059,0.20187726062921219,-0.10148246589184096
9,4.630459018358736,3.6162446229966188,0.7748554073376823,34.55920551986329,16.709805114802815,0.9354626987136059,0.9492400283218869,0.9400185218929606
10,8.04112175885533,1.4706651280961327,-37.49864809534144,86.21098555585506,38.46737665628842,0.9354626987136059,0.5645483559121638,0.6267370503025983
11,6.0035894959888925,1.381458118301563,-33.946228326389175,77.21313462546584,35.08105286919983,0.9354626987136059,0.6117018222807813,0.700586049350838
12,1.6481977057829922,6.185517384008763,64.18207691051016,130.1308975935109,67.62817743192838,0.9354626987136059,0.34495785349106556,0.14954661386639667
13,6.561003216584901,2.410293972133087,-22.324565190885863,59.433959599291484,27.195671510678924,0.9354626987136059,0.7415651521048772,0.8225978032687181
14,8.810884353043992,6.915750115317,35.663530048512555,79.53508052413804,39.0121763278536,0.9354626987136059,0.6347512640861209,0.6823073889289866
15,7.245268729054139,6.875744504505549,38.73755187948099,85.50326065973496,42.09624194339923,0.9354626987136059,0.6040222254507962,0.6328402905379814
16,4.206329873256472,0.11227388476784639,-43.68732870687727,91.41821676165581,44.37203874664862,0.9354626987136059,0.4937609173908145,0.5802843579274664
17,4.115780657997886,2.8452191343182744,-6.906007237677343,35.439164115398675,17.742275256204778,0.9354626987136059,0.8977822372947795,0.9369250952155121
18,10.146079248865693,2.7792525279081803,-24.861697523489227,68.42031988737658,30.178816235924145,0.9354626987136059,0.7098643563411453,0.7648960831791577
19,1.6285138053185213,2.522287048122131,13.547556842951636,59.95047819092385,27.333024187709995,0.9354626987136059,0.8517385710759636,0.8195009306614445
20,5.263987496847136,1.2318404961059053,-33.264364063097645,74.95241202544943,34.40192295152874,0.9354626987136059,0.6207232825636789,0.7178624501302403
21,9.52133957735456,1.7712533593575297,-35.762569322747964,85.63845567923025,37.3341774063188,0.9354626987136059,0.5814277771333953,0.6316782902391962
22,6.03116345472804,0.9081853294132698,-39.99688313162228,87.87870609622796,40.68545066735012,0.9354626987136059,0.5361366994472967,0.6121560943610777
23,1.4665529392511694,4.33873010415578,42.291204557463956,101.1018999185723,47.94092111623769,0.9354626987136059,0.5653218160817498,0.48665622753562543
24,4.507900659004722,1.8865862013912875,-21.862171698586778,53.56582894188351,25.20731118710885,0.9354626987136059,0.7482792123945425,0.8558995543084793
25,3.978401219644754,4.611099702827298,20.124215365429748,59.31406324500942,27.91901635777536,0.9354626987136059,0.798989227210616,0.8233128295894001
26,2.9694635248750085,0.8166369640299536,-27.521896013430876,59.62505391779723,29.024072084483088,0.9354626987136059,0.6854674664655368,0.8214551888010275
27,1.108060276792815,3.4387339761457127,39.84402192193282,99.38434627086596,47.130308188580464,0.9354626987136059,0.5884529503064602,0.5039497936815887
28,3.2372658004483603,0.8518907500684585,-28.99618787450555,62.98987149565213,30.368780901712753,0.9354626987136059,0.6694208367391967,0.8007349609773596
29,2.1543703298283363,-0.853724994811842,-46.49392008805255,91.77281746212613,47.70018945223335,0.9354626987136059,0.4583475077986703,0.5770219860287422
30,8.075841284564252,5.726912195856877,21.780308981335267,57.21034638854012,27.527223970126624,0.9354626987136059,0.7802796469308806,0.8356238446323212
31,5.690259377554685,3.0874634450729035,-11.14753096732936,40.09766869723344,19.41750657382321,0.9354626987136059,0.8599213453521843,0.9192527184388818
32,4.422248035714842,0.4987774241108478,-40.04319311955592,85.63097252219228,40.791377832197284,0.9354626987136059,0.5378425188965721,0.6317426559205455
33,3.2103767805474233,5.2313509840891435,34.27232232076595,83.09301525573969,39.23688568313199,0.9354626987136059,0.6520946662378664,0.6532482181258155
34,8.54458117156706,-0.036060089320997135,-58.360318110386615,117.78649831136327,59.12561939049288,0.9354626987136059,0.2942749470014637,0.30324405105771857
35,7.120485484760592,0.4689401210541302,-48.822173824350514,104.08987194771437,49.53165022723574,0.9354626987136059,0.42070897798798956,0.45586506166660035
36,2.373113129043934,-0.14071716260836054,-36.39955734487448,74.58906989606386,37.63943591088476,0.9354626987136059,0.5811496622897618,0.7205912211934642
37,2.43258766054399,6.360740755413939,54.536817460228136,116.43386390270449,58.08749434558253,0.9354626987136059,0.4395708010938185,0.3191549509421888
38,1.3534346731697666,4.151186075003661,42.48726541115771,101.91042527463611,48.453005753577884,0.9354626987136059,0.5628471775898528,0.4784128400694656
39,4.268514462158038,5.743038727067913,34.240225551132156,81.49783920723007,38.615190476934146,0.9354626987136059,0.6516493198252808,0.666433942212541
40,6.198186055562282,4.633584222063242,10.599792826875571,41.685746107952646,20.298814244340768,0.9354626987136059,0.8960515029654109,0.9127300309349451
41,10.470179265266005,4.266406545846787,-6.814411300468265,38.186760706558246,17.743312468757676,0.9354626987136059,0.9043810225400317,0.9267655703921439
42,3.166230165983066,5.622095285830633,39.59454692182801,91.90409909931954,43.831904667527844,0.9354626987136059,0.5956372165834427,0.5758109746380253
43,6.922071279950429,2.222876709997423,-25.006888522317766,64.76386434823152,29.22023757982629,0.9354626987136059,0.7110187604197536,0.7893530512063187
44,8.120099720818208,5.996636754024225,24.851635010984225,62.3560409112719,29.771999727132457,0.9354626987136059,0.7476173898353615,0.8047249622233512
45,8.594958712088506,4.348845725779735,-1.4612006316275625,32.934452514224034,15.822957130102155,0.9354626987136059,0.9490458918095914,0.9455258376827478
46,9.38108093683666,4.08037189966102,-7.563232712808897,38.412938193668744,17.98932987206145,0.9354626987136059,0.8965704553006809,0.9258954765380945
47,10.054263546619334,-0.1744590791259243,-62.03865974684671,123.22689436571234,62.87149054972544,0.9354626987136059,0.24145753038985784,0.23739320532604846
48,9.664453545261757,2.157614674322298,-31.846169465386907,79.00132391167114,34.626732755110154,0.9354626987136059,0.6291035989965326,0.6865571247786058
49,3.2736710720007487,1.3257098302255064,-23.07785230005031,52.058278318791395,25.126945185358352,0.9354626987136059,0.7360172355337113,0.8638965087102493
50,3.5490809984898735,2.4781304063551652,-8.621064003983207,36.67673941756656,18.559036034589976,0.9354626987136059,0.8805555633395321,0.9324428837033857
51,5.450277005326246,3.960819817905568,2.418184094131078,34.24368848159323,16.516337076379973,0.9354626987136059,0.9524559242346222,0.941108754549097
52,4.410485990542526,-0.5136877773636102,-53.245823901367025,107.73156848918887,53.990877039125,0.9354626987136059,0.36970823827974786,0.4171247299944121
53,2.7806054383738417,-0.6029142346884125,-48.973699435125994,97.25588935434963,49.90522782237295,0.9354626987136059,0.42727066294052984,0.5249695130523719
54,3.1419372008680795,6.592126342931941,51.07597672252926,110.40937852189936,54.52307133519219,0.9354626987136059,0.47458366915003525,0.38778834324406175
55,10.126685753751014,4.906442964004675,5.156813733308212,34.934080738278695,17.42312640666629,0.9354626987136059,0.9448854921290627,0.9387101860328096
56,1.0785556234814642,5.010215733068083,62.98663454794665,129.7395248020296,67.11783974964015,0.9354626987136059,0.35720132470143207,0.15465445223525243
57,2.998083580116023,2.624173626922727,-2.9105070621975955,36.80283684687728,18.424761596365947,0.9354626987136059,0.9237822321085206,0.9319775521096934
58,6.4840181154088095,6.3908787872591155,34.1114531822726,78.80174605353268,37.858214566576436,0.9354626987136059,0.6519431390829429,0.6881388005763426
59,1.7207608015210418,6.762091270260777,72.6932840867437,140.1229429318997,75.91752681748511,0.9354626987136059,0.26261059677002774,0.013929051434993012
60,4.651467327439259,4.223651903342759,9.959775194933798,43.46481947401442,20.55725944975532,0.9354626987136059,0.9002429778761691,0.9051220212135611
61,8.464744623674548,4.894821879517453,8.453014576814127,37.65357416070035,18.61679273921924,0.9354626987136059,0.9167869275260369,0.9287963794319345
62,7.0405587161109064,1.8374194769244436,-30.64909322096767,73.4540620187597,32.68225233745746,0.9354626987136059,0.6478008495954515,0.7290299455980989
63,9.465411060749817,6.579606280609742,30.038466735955538,69.92720446174143,33.677505853009855,0.9354626987136059,0.6923269534913726,0.7544262191138253
64,4.989750294709939,5.665143693453912,30.20613237989896,73.78267871548475,34.93274044515228,0.9354626987136059,0.6937391675073407,0.726600005963228
65,8.318114911105935,4.042347465695392,-5.687481039286425,35.651912835198985,16.994406776564897,0.9354626987136059,0.9140378433640188,0.9361655183784661
66,6.606409808261825,5.601207155426185,23.957476409459545,61.888424835269895,29.497076878030285,0.9354626987136059,0.7580317193116064,0.8076427664563823
67,5.1737839137306585,-0.37387788371691155,-54.65192717088157,110.71936901007903,55.41137581179222,0.9354626987136059,0.3493087169524599,0.38434576961202505
68,2.5484985641552726,2.0599060736618067,-6.831829028514363,37.07988600143468,19.084433494773307,0.9354626987136059,0.8921676146778621,0.93094956093685
69,7.822704467062397,0.8598187993116484,-44.98937802981648,98.45542492299123,45.66667938732377,0.9354626987136059,0.4693981943202872,0.5131793794214992
70,7.963798006289878,1.2808249373101637,-39.43404631289417,89.56863173394551,40.25988990515333,0.9354626987136059,0.5400015992222607,0.5970960328148858
71,3.7127418437586734,1.959238618411531,-16.746034439461553,44.670115676156286,21.81658828571632,0.9354626987136059,0.80169484821969,0.8997870566227748
72,5.104218289829097,-0.10390583463820247,-51.37537514403,105.66583573082814,52.061170674504105,0.9354626987136059,0.3924821702110294,0.43926347167216184
73,1.999112499353213,0.744859787057857,-19.193966482998874,45.59903143157417,23.4841851376648,0.9354626987136059,0.7697038340874227,0.8955758618159183
74,7.7900803261727996,2.8788829548344075,-19.706144904489094,56.945554514162524,25.960341414690483,0.9354626987136059,0.7702595251169743,0.8371419177281219
75,1.3949497479621906,2.3152012471998393,15.904677315617604,64.43179600066425,29.323485380523856,0.9354626987136059,0.8277456637423615,0.7915076433451768
76,1.0026791892055804,1.616849248507359,12.643851539153744,66.72708298995919,30.773471600408726,0.9354626987136059,0.8420304321922367,0.7763885985109408
77,9.224980919544782,3.4486589439794617,-15.775676487989685,51.52306936034168,23.591881962099354,0.9354626987136059,0.8120715686921117,0.8666806713103479
78,7.990978189730001,0.5655531097672843,-48.5321977406739,104.30567878986382,49.259391750936146,0.9354626987136059,0.4228698120159866,0.4536064409034297
79,6.164171445159634,5.0510503276181575,17.547093967911238,51.58200527197371,24.777584281340044,0.9354626987136059,0.826072316916403,0.8663754957782441
80,6.775005133568458,0.027707219003670236,-53.151682310636225,110.16163025899694,53.94560422394221,0.9354626987136059,0.36593816615888575,0.39053275146375155
81,5.128395247692252,5.575195079118123,28.737945623998442,71.07989212908423,33.6806936652306,0.9354626987136059,0.7091638931901171,0.7462633603767759
82,4.572295615597371,6.452229183649932,41.70556519573536,93.38212331159137,45.278987918471756,0.9354626987136059,0.5731016965590761,0.5620574395595854
83,3.064497453422872,5.068173666930096,33.12828218806935,81.52367985732525,38.33888770155462,0.9354626987136059,0.6642283109355767,0.6662223800318451
84,1.6038592887080672,5.111554277506809,50.573385749271964,111.8860073683172,54.837495207825995,0.9354626987136059,0.48152924560173194,0.37130324800958714
85,9.307115746819122,-0.5646163667156348,-67.23234305565684,129.5708318880071,68.17197437022766,0.9354626987136059,0.16770965397786586,0.1568513323953148
86,5.853030848049307,3.3587571192135908,-7.840756505539403,36.43106813265571,17.813388429827956,0.9354626987136059,0.8915637702419349,0.9333448863692103
87,5.325123208487561,1.1561226645646312,-34.183210563476095,76.77933445805387,35.23998066543445,0.9354626987136059,0.6094900042669378,0.7039409438039801
88,10.177486704672072,6.314346263850434,25.157171242952117,61.49098120645122,29.54674229938559,0.9354626987136059,0.7438105397243941,0.8101054458616517
89,4.698386664997031,1.241908816957602,-31.146917526397274,70.11803498689223,32.432030827380814,0.9354626987136059,0.6462116197097654,0.7530840542672522
90,4.895676169105271,6.672500920519948,44.04907310536085,96.24414266820679,47.45145907236468,0.9354626987136059,0.5491957485770007,0.5348015272198988
91,10.030041949062715,3.250024853375031,-19.986920963316464,59.527980751128595,26.767930863298545,0.9354626987136059,0.7667993391839685,0.8220360788927711
92,6.363623182101208,6.43011264574239,34.97947351168541,80.3261786280518,38.66349241306419,0.9354626987136059,0.642989909709609,0.675956080008356
93,5.785484157639181,1.033466331464385,-37.792507810229125,83.71456160169308,38.575418679599004,0.9354626987136059,0.56405023479818,0.6480413215061577
94,9.774269183716134,5.635138673356694,17.837713772970986,49.510444649495646,24.101622121888578,0.9354626987136059,0.821330879638654,0.8768928386524879
95,8.954008821928479,6.246724751183735,26.3591221484413,64.20653124264776,30.697736830003556,0.9354626987136059,0.7315259863756131,0.792962945930703
96,9.412539457269835,1.9821325810520967,-33.32125818836816,81.45502730263702,35.71855118001292,0.9354626987136059,0.6112550179887366,0.6667843035837321
97,3.5204788555730655,6.492555094099733,47.45587928514799,104.1941735153112,50.98317075379744,0.9354626987136059,0.5124946125895781,0.45477403214055634
98,9.8313311127145,6.040178334976786,22.32386541022838,57.171329083467405,27.616714984973505,0.9354626987136059,0.7735950184562933,0.835847976384893
99,2.5944436319241797,3.418924598684457,13.124890972550588,53.638864611564685,24.546746132283943,0.9354626987136059,0.8645554599817247,0.855506331700403
100,9.249525967869426,-0.054785959107496285,-59.6186700171298,119.67214219010079,60.406129368833746,0.9354626987136059,0.276422552203233,0.2807567509156482
101,6.3034809334321595,-0.9635541104649858,-66.93903491149808,127.54847246398106,67.87848592793559,0.9354626987136059,0.17891168745430008,0.18296589110556272
102,8.163415989121864,3.389272171361424,-14.057433626437373,47.41207836696954,22.08101021580098,0.9354626987136059,0.8300737933837556,0.8871068344285636
103,8.847961734213982,0.2954454069432131,-54.12861008431185,112.76371133495742,54.912511378189585,0.9354626987136059,0.34904019494231986,0.3614007764428433
104,2.7059108047270843,2.2503021226807975,-4.6522428147778925,36.36055339645302,18.527263690096998,0.9354626987136059,0.9095095245501288,0.9336026673925242
105,3.0782431048837826,2.467863821510649,-5.3226490147073235,36.15154389148429,18.30488104604621,0.9354626987136059,0.9067305178087135,0.9343638102337102
106,5.003095931802704,3.5283288783458024,-2.2621042386612515,33.49933011855274,16.37362280699912,0.9354626987136059,0.9365677726687089,0.943641177732752
107,10.2398711781873,4.7732374459906035,2.5808606829865965,33.6495930734532,16.653965361589805,0.9354626987136059,0.959382722139001,0.9431344430366184
108,5.888173226103427,0.55019845348436,-44.47248365006355,95.60677630513445,45.106622136893236,0.9354626987136059,0.4789501912159647,0.5409425779864292
109,4.944818729159219,4.034403644128657,5.65615266805105,37.64277162615047,17.974817508166495,0.9354626987136059,0.9363958840826158,0.9288372291654545
110,6.633305888474183,6.721499657966934,38.726501485237534,85.73923484949515,42.12919030983613,0.9354626987136059,0.6044654149939428,0.6308108996053599
111,2.891302273375673,3.6776372932248567,13.472814897565044,52.989667510501434,24.305934539104754,0.9354626987136059,0.8626499917512224,0.858982811148807
112,2.793707156251772,3.4152064093985564,10.972980341499962,49.95799458819627,22.997058616659242,0.9354626987136059,0.885201326860776,0.8746571235047716
113,6.3293808136793235,4.294230945809433,4.150573531072581,34.72048607767707,16.810997680859348,0.9354626987136059,0.9485582387988107,0.9394573736254218
114,7.140751569549067,-0.6465988633623514,-64.98470318824374,125.50821812187047,65.92113483813363,0.9354626987136059,0.2047040866260481,0.2088952511868163
115,2.849144019147234,4.53806282481327,27.527287941775725,73.4659175755775,34.225337679022864,0.9354626987136059,0.7220053324031666,0.7289424688803253
116,3.466233889716368,1.8169054787937138,-17.150161328260396,43.95653243744362,21.338072447204233,0.9354626987136059,0.7973159743723393,0.9029631892467382
117,6.570816979987974,3.4970259359878666,-8.723404057511729,37.754221788936356,18.225154295140307,0.9354626987136059,0.8840335461090773,0.9284152175554985
118,2.735852279044309,5.762668054259941,44.24454725503038,100.36124936767983,48.26685407917215,0.9354626987136059,0.5462226075155725,0.49414996773846154
119,5.607242291127386,2.9675868057741166,-12.187353564645122,41.52835425692171,20.01411265762904,0.9354626987136059,0.8492919242338769,0.9133877930095291
120,1.9753620676231574,0.586506692841277,-20.41085623755795,47.16658502623947,24.24115930489446,0.9354626987136059,0.7570989806192949,0.8882728988700086
121,7.489761414386978,4.298823202223061,0.5150915221907724,32.68918667429845,15.785423751665064,0.9354626987136059,0.9566676151412894,0.9463341645970478
122,9.540233873864747,2.8268685424017397,-23.501134265546483,65.39272010687843,29.073272142322224,0.9354626987136059,0.726247188756013,0.7852424357629868
123,9.231868597791488,-0.7713996922046565,-69.67831433334717,132.71726869450748,70.66630142482245,0.9354626987136059,0.13186365973667058,0.11540488929562986
124,4.712576094812645,4.0581107862190136,7.10506349643812,39.65401237512815,18.83151748528927,0.9354626987136059,0.9250978494627041,0.9210296724361813
125,4.023773240016109,3.3239245684157384,-0.2902270989175122,35.16286704370622,17.001255148574554,0.9354626987136059,0.9442661595504475,0.9379047727327743
126,6.419689351089678,2.3319791462322295,-22.681458137009827,59.92138926660333,27.39796702927756,0.9354626987136059,0.7375704938165126,0.8196760501970195
127,5.4356277425157264,5.442561521717008,25.34173231199277,65.27312181682402,30.9505078485963,0.9354626987136059,0.7445873885537253,0.7860272677686614
128,4.677411801555195,0.9523467914468358,-35.11615245417751,77.19686227273269,36.075387283106075,0.9354626987136059,0.5983928990281636,0.7007122365869065
129,2.500535973620443,6.023305381349271,49.599346832479384,108.99220819245988,53.34883098902038,0.9354626987136059,0.4903578133532127,0.4034036844785439
130,1.5430796142391214,1.8577083849072986,4.40700191959931,50.20486945888333,23.695190181895118,0.9354626987136059,0.9137137637039495,0.8734152616610293
131,3.955121703726159,1.208970459371146,-28.15129109212255,63.006729231821474,29.625673246891836,0.9354626987136059,0.6806394637042956,0.8006282896387771
132,8.228767195885897,4.163876268970718,-3.615975302781237,33.9855705277152,16.26874936053469,0.9354626987136059,0.932354839013024,0.9419932152329402
133,8.148233185976293,6.755581910441552,35.26094626238837,78.99977785859701,38.6627085579564,0.9354626987136059,0.6393981129237157,0.6865693927902037
134,7.607618278422308,6.393821446377161,31.166598542034833,73.07055212082079,35.01307871138901,0.9354626987136059,0.6818156374679905,0.7318520743755698
135,2.2209509927441284,3.7104691704082047,21.306652109886656,67.1070262548435,30.618687998481263,0.9354626987136059,0.7827392269770399,0.773834867049392
136,5.880038907498735,2.5723429910290707,-18.518071056912248,51.92361075563196,24.485704801052268,0.9354626987136059,0.7837016493714558,0.8645997597266941
137,1.7901296097170118,-0.777038558304956,-41.516792177115676,82.61745809725213,43.04904439480216,0.9354626987136059,0.5164603165029349,0.6572059133349016
138,8.912066617203317,1.5621071730219027,-37.91645385312532,87.99509686624788,38.93877218541651,0.9354626987136059,0.5577642631049882,0.6111280559071239
139,2.986907080260507,6.063362516253037,45.92456661193587,102.47709442740971,49.69122863703609,0.9354626987136059,0.5286676346914143,0.4725961810006786
140,6.109380674615588,1.9180905966539465,-27.07460028090108,66.58535949334559,30.31201842470704,0.9354626987136059,0.6895412204699185,0.7773374586618275
141,4.04488445222573,-0.4917273604847934,-51.37423996519418,104.1892841744869,52.08231643900393,0.9354626987136059,0.39512801019764343,0.45482520070299304
142,6.988124255961686,3.756013512548254,-6.6528031299037735,35.71985164073362,17.301135452195137,0.9354626987136059,0.904188605841456,0.9359219987320073
143,9.019346240361553,-0.6626664308402888,-68.11482781696097,130.60225474464278,69.07838008351378,0.9354626987136059,0.15542649065527814,0.1433744702967148
144,8.994772328236838,1.6922621192954361,-35.612158775883856,84.91517276170424,37.13541502788247,0.9354626987136059,0.583998565236576,0.6378735402220587
145,8.61081241941626,0.9501432027816792,-45.367940153270595,99.80903677634313,46.05979395894918,0.9354626987136059,0.4631367489958199,0.4997012790003563
146,8.469101298858577,4.742152126632865,5.773341750919727,35.29632374466908,17.598437401881043,0.9354626987136059,0.9398711615949675,0.9374325273723667
147,7.589690830752533,0.07728107472093315,-54.3445240267934,112.32094895375016,55.1444654730388,0.9354626987136059,0.3487591188899093,0.3664058017386861
148,2.077660830230969,5.27922445323438,45.51639299994868,103.30786394172786,49.835997442780005,0.9354626987136059,0.5337281981467437,0.46401032021137323
149,8.338455174927594,6.474636186070591,30.60229192452583,71.65738647543114,34.36637909854926,0.9354626987136059,0.687066548859068,0.7421236037209855
150,5.567519116621789,-0.8169461295551954,-63.520899664668704,122.58354366468443,64.46298207644216,0.9354626987136059,0.22907490147985177,0.24533534943677393
151,3.104653163488515,0.575611943131835,-30.92866122498205,66.42380587511222,32.17807622207014,0.9354626987136059,0.6473499352464087,0.7784166238348481
152,8.025280815614483,3.120448094448956,-17.671124714951617,53.49232142001863,24.574255632861966,0.9354626987136059,0.7929209275108798,0.8562947763720988
153,1.318268501993458,-0.05743594786381756,-21.17894473923667,51.0224728454597,27.55788466805672,0.9354626987136059,0.7356897718360423,0.8692587387351101
154,3.8552043438646204,2.0187043847500625,-16.90091305967175,45.091461928346604,21.96438326844199,0.9354626987136059,0.8002875047192466,0.8978876441913566
155,6.112843765851504,6.9465295135621234,42.587857722717345,93.03415838435188,45.92964685744567,0.9354626987136059,0.5640400626895972,0.5653151237254637
156,2.3616918857316467,0.08972720664505984,-31.667137531276694,66.21629222066736,33.074472612622976,0.9354626987136059,0.6371879647545364,0.7797989520636448
157,6.9305801630640165,4.504969005121482,6.408858541609646,36.22019129038789,17.89528462969214,0.9354626987136059,0.9341369322786569,0.9341143032331273
158,1.758655421332202,5.640635006711446,54.45628207231768,117.4403632688936,58.35808721484874,0.9354626987136059,0.4407670362677155,0.30733309848004975
159,6.186573477931842,0.6520746387044458,-43.37545858087141,93.88563075828428,44.023965265979285,0.9354626987136059,0.4931225100551194,0.5573220189079031
160,4.0091472109243576,0.06590913806951781,-43.240422132665856,90.28238903816478,43.948006205418096,0.9354626987136059,0.49983230054174843,0.5906491001156291
161,9.982484051372273,5.8990907575434886,20.344033498980977,53.75548289430463,26.04834445392253,0.9354626987136059,0.7946916682266534,0.8548773504065978
162,8.767623211592275,-0.21610471501606898,-60.726940038042315,120.92032982915833,61.547904706961006,0.9354626987136059,0.26195910340231776,0.26567500653490494
163,10.085441223252037,6.529285689691973,28.330638674518283,66.72161855669664,32.13436634606837,0.9354626987136059,0.7101935446718717,0.7764252211083313
164,5.06501609694143,5.361065890085735,25.667012766117452,66.26831184083876,31.388346831045652,0.9354626987136059,0.7414842898620475,0.7794528356039339
165,6.0511355094229184,1.9281851319282666,-26.80683224670932,66.03440656543108,30.094813267457543,0.9354626987136059,0.6926329404347782,0.7810070053419966
166,1.6181967988757702,5.315815918828139,52.82991039518531,115.1755594883768,56.96665572411504,0.9354626987136059,0.45811075355081776,0.33379126128099235
167,8.066344545335587,2.9116359020324647,-19.993837860488767,57.76327629209228,26.240568158033412,0.9354626987136059,0.7669987546063325,0.8324311457690703
168,4.4469701656602165,-0.10887980132403463,-48.82986547188163,100.49461253774811,49.46802756755097,0.9354626987136059,0.42693721804011664,0.49280469579418495
169,6.895403975584813,3.863402792343206,-4.625618029024793,34.11053730685904,16.536699413571494,0.9354626987136059,0.9224081958959734,0.9415658427754371
170,10.445413288888146,-0.46368415508059524,-65.30978543668505,127.79399340345212,66.18689899424123,0.9354626987136059,0.19297955952027523,0.1798174088560225
171,4.339647525622778,-0.8382038857599857,-60.09841581690702,117.07030036358444,61.02485699141903,0.9354626987136059,0.27886081676475594,0.3116915057832169
172,9.685112095819802,6.680948083740244,31.569029488284727,71.9039390537713,35.03644293353888,0.9354626987136059,0.6766113688041423,0.7403459929544107
173,7.260516799543766,3.982782182197627,-3.6544280154926696,33.61230166064818,16.201596435699244,0.9354626987136059,0.930793040797359,0.9432604131725594
174,5.517278791373686,3.4882337754082764,-5.160054692420147,34.24444739245815,16.81841148600488,0.9354626987136059,0.9155146029104912,0.9411061442169015
175,2.3107092186567657,4.68656876141741,34.8767329321653,86.53219630427981,40.4879497052354,0.9354626987136059,0.644805645760574,0.6239504117060837
176,5.279270225906338,2.0756255835104507,-22.549623958846823,57.13737679191449,26.624766314729765,0.9354626987136059,0.7403813161675294,0.8360428881540402
177,7.343834967990127,3.7227237405654297,-8.210084791358085,37.592894955146875,18.02546092148213,0.9354626987136059,0.8898180484610723,0.9290256855677362
178,6.381828403809498,1.50974063884362,-33.50727354970287,76.96718965769337,34.744842582514565,0.9354626987136059,0.6165158866516184,0.7024904422769848
179,2.121986910136755,4.570614753895192,35.742679285937825,88.37549986783395,41.40992844398883,0.9354626987136059,0.6355770714001733,0.6077585999555601
180,5.231205290152616,1.1270562850043517,-34.1498921745885,76.59841815684312,35.20612410568874,0.9354626987136059,0.6099731064553986,0.7053345168376091
181,5.200727796864555,-0.3993778551556766,-55.01311707368812,111.2922167838311,55.78057445537013,0.9354626987136059,0.34446323946582513,0.37795865760132585
182,4.308644640968394,-0.6698258414988933,-58.07855057413446,114.14010146092215,58.95772065098885,0.9354626987136059,0.3060334171530219,0.34571619239049634
183,3.154016920493973,2.0427113034091775,-12.196449397505617,38.758067473939576,19.674535160582675,0.9354626987136059,0.8464086085935385,0.9245578784802502
184,9.42289850688752,-0.9929213120918307,-72.41270450148872,136.2149847884588,73.38366917078478,0.9354626987136059,0.09024009344978667,0.06816410380403282
185,9.999880647229729,2.1816201062745946,-32.05288985733981,79.72607418859774,34.83313734591301,0.9354626987136059,0.6260910154525923,0.6807797578497496
186,6.5036002632878285,2.5860979144293634,-20.239581059560123,55.920092866603326,25.95977288679531,0.9354626987136059,0.7647722875253715,0.8429545234242565
187,8.260285580755832,3.270493164999407,-16.282979771149286,51.21695212974662,23.621335718832846,0.9354626987136059,0.8077035912069314,0.868260162078099
188,4.782111210532068,5.888580452097492,33.48709510683999,79.65082054448972,37.777708675787935,0.9354626987136059,0.6592632097963737,0.6813820990360224
189,3.026074843190078,5.331910308033911,36.86888011629044,87.6347841567142,41.517673124496774,0.9354626987136059,0.6247786674445632,0.6143061565965577
190,7.394430878663168,0.6462869449539008,-46.540881229353715,100.57599745667929,47.237480208909815,0.9354626987136059,0.45012177775159645,0.49198286540837466
191,7.092911616371461,-0.9827910040585749,-68.79223150778472,130.53867788630845,69.7567966886632,0.9354626987136059,0.14993517901265485,0.1442082737280086
192,10.332038162850422,4.659992109545933,0.49163085268197904,33.33953362704723,16.31249415717215,0.9354626987136059,0.9598732355334159,0.9441775742654629
193,5.594817444130987,5.683081134628427,28.074710729302964,69.59636370643074,32.98520676851945,0.9354626987136059,0.7156589177690869,0.7567444476201514
194,6.270155766939546,5.511790251515097,23.559086203319296,61.48514703242837,29.279740746239323,0.9354626987136059,0.7625379008481123,0.8101414779852634
195,6.402460673076589,3.8172343635882795,-3.7577356153468884,33.515611402022934,16.287005105029525,0.9354626987136059,0.9289889245559252,0.9435863815955275
196,7.221523427538432,2.3521218923386322,-24.547102491291994,64.25663159477163,28.9874046391284,0.9354626987136059,0.7161392062022863,0.7926397178730049
197,4.957858131434855,2.19912009039721,-19.906669738771257,51.893765791280764,24.534952633932505,0.9354626987136059,0.7692502331008015,0.8647553673173756
198,7.943675297073421,1.290144584406813,-39.2957730061331,89.3001123305732,40.12695849486475,0.9354626987136059,0.5418036958462555,0.5995081577323603
199,2.635260724201786,5.8307790477291155,46.156250416763996,103.48867386752745,50.10516509663116,0.9354626987136059,0.5262043003549013,0.46213249487106933
200,8.191744912959031,-0.570768756229628,-65.78216385154448,127.16951770694693,66.71606722295456,0.9354626987136059,0.1908714562520203,0.1878136012705901
201,2.94185812759413,1.9922036471366855,-11.12378359217037,37.9621709282996,19.45025133103822,0.9354626987136059,0.8559077817095128,0.9276244720970529
202,7.898177990693157,4.588494097655013,4.851050753096118,34.58993764986515,17.20779168802466,0.9354626987136059,0.9464029063802569,0.9399117961642892
203,8.390240907246298,0.23601618705481542,-54.07697214493883,112.4506257385422,54.86882082657655,0.9354626987136059,0.35057428995515016,0.36494196283132285
204,10.283420994926043,-0.24662568693326803,-63.06343689560668,124.70154297535733,63.9124392430425,0.9354626987136059,0.22634004123232776,0.21903185771227218
205,3.651572862929457,5.542742856871541,35.266076195382524,83.89342615518675,39.743315096346606,0.9354626987136059,0.6414119847891774,0.6465357247904524
206,8.570122823801729,1.4042446429304967,-39.20703982503434,89.84021351241874,40.096679541864,0.9354626987136059,0.5419154005330711,0.5946490318377887
207,9.489683572740327,3.1438416405071665,-20.303679195573352,59.63476513971771,26.84295980800592,0.9354626987136059,0.7633217015539739,0.8213970243426041
208,9.88293820203125,5.712108287861015,18.447517630522825,50.52355046824435,24.562737378670505,0.9354626987136059,0.8148588847172704,0.8718031397920653
209,1.8923821378515553,3.7870822632646064,26.89056862478769,76.93828170613955,35.31622937794242,0.9354626987136059,0.7245272178514178,0.7027138823380752
210,4.2161030481362385,1.678603830576081,-22.716696513896025,54.26653215432256,25.557460686490792,0.9354626987136059,0.7390388483685146,0.8521048941539606
211,10.494629987747985,1.3643640160756338,-42.597437980005324,97.18808610443661,43.426237428437325,0.9354626987136059,0.4955389706079495,0.5256316299422319
212,8.250093759054636,4.525200744786648,3.0031537104573545,33.49285328757236,16.56699728194586,0.9354626987136059,0.9567356946813415,0.9436629686925883
213,5.925559042010501,4.866532329003812,15.158526266267074,48.37053233977862,23.161175088690857,0.9354626987136059,0.8505260616710688,0.8824963389972587
214,2.211778389273201,0.484626138492366,-25.80082582569669,55.868696939837925,27.90652100717483,0.9354626987136059,0.7004009873841266,0.843243070461973
215,2.480685900839449,5.7011692555857385,45.953447298934364,103.47792077144805,49.971033480104545,0.9354626987136059,0.5283660368058702,0.4622442644060678
216,10.370928389651757,-0.3499696784691321,-64.20802036237089,126.26590661562201,65.0715280268719,0.9354626987136059,0.2095045934396369,0.19931467892638288
217,5.486341590073896,2.5010092265225117,-17.91564948371895,50.39336478798679,23.923167411495378,0.9354626987136059,0.7900694851009791,0.8724629466838532
218,6.796315220441927,5.2210093737535015,17.912124437173176,51.634316075274846,24.866351106011713,0.9354626987136059,0.821992096265717,0.8661043334028045
219,4.8904535436697465,2.888260452795431,-10.21168042460738,38.427296646709806,18.84670862273804,0.9354626987136059,0.8683411838842005,0.9258400668124852
220,6.979545209164331,0.8885090427561464,-42.72428670688052,93.8375443097015,43.381085856867266,0.9354626987136059,0.4998088244649579,0.5577753653987967
221,3.744267719017055,6.295169878031924,43.69060465715749,97.75500619481657,47.33598999653086,0.9354626987136059,0.5523239693693586,0.5200812928224654
222,7.064308278571337,6.121816850317083,29.01276938741968,69.84680105689627,33.243771645407485,0.9354626987136059,0.7047319569798571,0.7549906236753302
223,7.500112093072303,1.1999070517894261,-39.32405840044764,88.86113881566673,40.13145877525129,0.9354626987136059,0.5421141380540441,0.6034358842064154
224,5.980897667465175,1.3975812506409535,-33.721142778697796,76.77143373227389,34.87669256141293,0.9354626987136059,0.614489380576709,0.7040018706428602
225,4.144932372156154,5.589846183755056,33.32829252968126,80.01985672452079,37.88369527519804,0.9354626987136059,0.6614150675598156,0.6784228345825584
226,7.562749617209317,3.033305701310999,-17.571798944305016,52.82728850812295,24.377470511405395,0.9354626987136059,0.7940420969780906,0.8598457396175816
227,6.8152139870726165,2.1106478287694777,-26.81747822840147,67.11749713591934,30.267626068861315,0.9354626987136059,0.6917205610293268,0.7737642832939519
228,3.9985547913536217,5.789148110931723,36.22752016777382,85.16915353137522,40.48569357602492,0.9354626987136059,0.6308292787029272,0.6357040645075109
229,7.744783550763791,0.14411702204326526,-53.953437473495555,111.91115502679632,54.7435967946726,0.9354626987136059,0.353494836056226,0.37102060269324766
230,5.244245619539357,1.6694165409597388,-27.16434073896761,64.59793888842366,29.352552090094946,0.9354626987136059,0.6898102286606653,0.7904310263688948
231,9.733700497952007,5.863302932108251,20.324632209424394,53.822610070816424,26.0662483324656,0.9354626987136059,0.7950185897651192,0.854514680195138
232,1.3692072043820351,0.31084773965597945,-15.691632606960368,46.402157874755055,24.588593487173004,0.9354626987136059,0.7945827837334938,0.8918650662342416
233,4.5330593088467905,4.008556696876308,7.311542657541082,40.2196376552106,19.048910574489646,0.9354626987136059,0.9230247687940052,0.9187607376866018
234,9.166513722644076,4.8807857427879355,6.55652476882419,35.91495643388861,17.93747507900315,0.9354626987136059,0.9335751045198257,0.9352200882881707
235,3.7859473934091743,1.6011390327940722,-22.712558414718885,52.991650967672435,25.36890580739998,0.9354626987136059,0.7403359882258636,0.858972254117508
236,8.7149181811927,3.701114528109935,-11.683000597440596,43.494550798518205,20.275118186344454,0.9354626987136059,0.8550082429259266,0.904992177685634
237,4.8353296032202415,4.097731949315664,7.08151393401819,39.42306290548478,18.750684229033034,0.9354626987136059,0.9255613495344179,0.9219468580441871
238,7.664931962912238,-0.3797636804571065,-60.579310444491895,120.26194787173247,61.40551615260528,0.9354626987136059,0.265501198480086,0.2736496812424972
239,3.4002428178060358,3.549177100038383,7.347028681014336,43.34836428737789,20.259832333689054,0.9354626987136059,0.9184917942986119,0.9056297528014223
240,2.8322690599013445,-0.329013994077651,-42.31670140626021,86.1497798592514,43.183116827671014,0.9354626987136059,0.5116431653719771,0.6272668600242548
241,10.107155681055387,1.319784928325018,-42.58263008874286,96.87761469260515,43.38370068261394,0.9354626987136059,0.4963288777748487,0.5286575682211991
242,9.441852035469541,6.262094894954848,25.713644302110467,62.81871720789987,30.10854927590484,0.9354626987136059,0.7382024507116256,0.8018163643954517
243,9.648477133480469,-0.7103688102921382,-69.50166353871967,132.63076415929493,70.476457696402,0.9354626987136059,0.13374748614356047,0.1165576639340683
244,9.709936579304816,4.215744160282692,-6.2034584138552304,37.06380320116385,17.390076440191546,0.9354626987136059,0.9101427648821586,0.9310094469669219
245,2.903207198226613,6.780565229848457,56.48156253423291,118.07848637215987,59.835172944888576,0.9354626987136059,0.4203460235328228,0.2997853085596358
246,8.898668876979134,3.0153422355617323,-20.611912826382195,59.702803386660214,26.912117134519427,0.9354626987136059,0.7599064856620001,0.8209892499364028
247,2.4135287076599004,0.26201796167822167,-30.29636855728002,63.89788267268766,31.782197495322322,0.9354626987136059,0.6522690238221798,0.7949486660078124
248,2.657950062317265,6.8298676755770185,59.4957204173332,122.49330376569777,62.809178785711524,0.9354626987136059,0.3903421181516483,0.2464460335232227
249,7.1766216850361975,4.002988811525927,-3.1112712375478395,33.31629677768564,16.061931605548253,0.9354626987136059,0.9350097669633846,0.944255360912128
250,10.397556619653638,4.491418413415748,-2.164379121452768,34.403064750116904,16.490855712973577,0.9354626987136059,0.9454790378440712,0.94055929804368
251,3.6148420702075295,2.553231433112988,-8.223308420956016,36.37840887337453,18.412389916887097,0.9354626987136059,0.8843937206023562,0.9335374402701003
252,9.755568876674397,6.851111785508902,33.164024785456476,74.89693849162042,36.55403815055737,0.9354626987136059,0.6598230881020604,0.7182799250226191
253,2.0444618839664113,4.188634849082011,30.55922507957537,81.71134259945038,37.82316133291504,0.9354626987136059,0.6877853241427683,0.6646839382538128
254,6.289540593830171,-0.42660582004470704,-58.266776286189064,116.52018426971476,59.07025504930085,0.9354626987136059,0.29919229401978853,0.3181450629604462
255,9.114349297532343,-0.7957151531717215,-69.79350881410731,132.82818659548397,70.7863635575222,0.9354626987136059,0.1303429827414211,0.11392567812024101
256,10.43473573243732,0.0036730863132632408,-59.38953989521916,119.96390314969159,60.26632580249212,0.9354626987136059,0.27797071475483826,0.2772454424265487
257,9.18718105774107,5.878136075116654,21.35228430929176,55.90882960193145,26.98914582817859,0.9354626987136059,0.7842865472379472,0.8430177803517652
258,7.420089373527042,-0.3042404564098048,-59.37699027361582,118.59204448488157,60.18396662141313,0.9354626987136059,0.2823900468405739,0.293681183215622
259,2.09874432875214,0.3864002814282259,-25.69296411199518,55.608453897594295,27.99167550060287,0.9354626987136059,0.7010657922427141,0.8447000540221352
260,5.38163466936385,6.557318407809466,39.84155662510754,89.34765102849428,43.342062782149206,0.9354626987136059,0.592472917345531,0.5990816425162416
261,3.4929654051177703,2.429866834447291,-9.005852309403437,36.187181273405095,18.38098027572788,0.9354626987136059,0.876733732611737,0.9342343410809292
262,2.4500835661980047,0.8749141971719856,-22.70506545531987,50.39004631950084,25.11420337040169,0.9354626987136059,0.7361730395776638,0.8724797430918307
263,5.557712007685191,5.263730164419757,22.476655491126152,60.58320072824077,28.825402251328427,0.9354626987136059,0.7742610235982017,0.8156708194862209
264,5.672817222140785,0.924637070603564,-38.77044205742099,85.23906006944202,39.50568224646284,0.9354626987136059,0.5521236287078635,0.6351057934645142
265,8.411890995134199,1.0711520794539164,-43.33932718096872,96.51201576484671,44.01713843977045,0.9354626987136059,0.4891699792022146,0.5322083808902117
266,2.269703966644312,4.444720297151777,32.48898918076709,82.80897561968165,38.65473895511583,0.9354626987136059,0.6698765395155708,0.6556147927808529
267,9.505607082314489,3.0517463707299717,-21.285073251337494,61.35480139225766,27.517369666871158,0.9354626987136059,0.7520483466684773,0.8109456071221521
268,10.4175392839412,3.223719474190607,-20.861991666349823,61.29979443866343,27.45547140751867,0.9354626987136059,0.7566299355739812,0.8112844443211888
269,1.4043644360988519,4.3130537256768156,43.32129853257824,102.81270309964596,48.93439810985592,0.9354626987136059,0.5545965161492789,0.46913606861660984
270,7.621643754917005,4.562237637837719,5.218640933061124,34.90933143487447,17.349898722462093,0.9354626987136059,0.9436655452641651,0.9387969976990689
271,6.950407690678114,5.337954157942416,19.322046125375763,53.875638587811686,25.952924785645525,0.9354626987136059,0.8069924777150101,0.8542278612814189
272,6.663277401878536,2.44279707084663,-22.283295741601492,59.49340908779355,27.205483622902175,0.9354626987136059,0.7420089667041665,0.8222427286770646
273,4.8462231993431235,-0.2945169913094302,-52.62314067998186,107.31201478332306,53.347965139801346,0.9354626987136059,0.3768266809348986,0.4216558306875312
274,9.840479121057555,5.171111814529951,10.472606437370615,39.35300853488693,19.436325204139795,0.9354626987136059,0.8972269469790983,0.9222240108107697
275,9.20532980492274,5.974821207593207,22.481058996497765,57.81664426050033,27.85148009738426,0.9354626987136059,0.7721958907912281,0.8321213662322846
276,8.639525349038117,5.4576971795243665,17.298949012533498,49.24440080346751,23.95125462012233,0.9354626987136059,0.8276038530808151,0.8782123140443959
277,2.2416447358165286,2.7475989218139736,6.681882882592717,47.674077032201296,22.190693006220947,0.9354626987136059,0.9138364769725239,0.8858556940782992
278,5.976622582782487,4.408672425622775,7.3953184607644715,38.2357654279675,18.486081418561657,0.9354626987136059,0.9248925213859284,0.9265774876371654
279,8.440306714960716,0.6245278821462423,-48.77610238889207,104.96750266682196,49.50343535698025,0.9354626987136059,0.4190208283259864,0.446650663555732
280,4.566286551127851,0.36533451763055513,-42.31468699701527,89.74650261464173,43.0014474484826,0.9354626987136059,0.509672949261937,0.5954942211013354
281,3.8752472636688062,0.7164053127611172,-34.116267212014776,73.92150280111491,35.153644262931806,0.9354626987136059,0.6107374963201271,0.7255702192693106
282,1.807461842937443,1.5171375130682438,-6.172937833058569,41.04455054967919,21.073751496733106,0.9354626987136059,0.8907827937322129,0.9153940955290869
283,1.062388662616085,6.618675032543267,94.72421060042602,165.1534589784558,98.47570318311602,0.9354626987136059,0.05681529322820211,-0.3698247597250308
284,6.738804061505703,3.275421701538331,-12.214246020340397,42.56663888960378,20.290552212303897,0.9354626987136059,0.8496648632553268,0.909002726047957
285,7.925626574779177,0.4231747585118657,-51.047904964737434,108.09473122135796,51.79212810599362,0.9354626987136059,0.39030498349602116,0.4131883655210594
286,6.58773051781528,2.0353051335720203,-27.11423387562148,67.28690531607316,30.4480491925839,0.9354626987136059,0.6885955691836353,0.7726207796961176
287,9.580365666151524,-0.6193608834359821,-68.30155719516657,131.0665211779656,69.25677277038712,0.9354626987136059,0.15161779496299965,0.13727336034457216
288,4.301343924967379,3.636582755963775,2.790234812997298,36.3931178695644,17.483662837251963,0.9354626987136059,0.9475361734387431,0.9334836833738722
289,3.0475803086801765,-0.7344249992063954,-52.44611393788745,103.54578405085736,53.27526263456791,0.9354626987136059,0.3830145857564268,0.4615386871343319
290,8.690520747570606,5.119218620443157,12.01484949459416,41.46033612421673,20.26216705975709,0.9354626987136059,0.8823533846317537,0.9136712800957738
291,8.296221265541288,1.1042075807296685,-42.67371652106904,95.3898384607405,43.35477261446515,0.9354626987136059,0.49777159431588947,0.5430234753223467
292,7.716795921531431,-0.9067099557300865,-69.11478064601324,131.26492713062686,70.06985351787431,0.9354626987136059,0.1438549520661876,0.1346594257368079
293,7.648811107966904,4.976577917729582,12.000738761286215,42.09337331492715,20.422818462209893,0.9354626987136059,0.8825712619422038,0.9110149342071387
294,1.8294920540718902,5.1306507524437155,47.01595533314615,106.12027657227169,51.362361015337896,0.9354626987136059,0.5182548434478589,0.4344299407936295
295,7.169575120000614,-0.4740385028619055,-60.526072500703144,119.98631913410374,61.35664919828721,0.9354626987136059,0.26689480005661925,0.276975315027849
296,1.865885189585937,6.094036796763673,58.211130099965274,122.47961802502077,61.84580708151417,0.9354626987136059,0.4025260437754682,0.24661440791986378
297,6.706001124979202,3.068615652302684,-14.682417279163758,46.632711575627624,21.985069776867412,0.9354626987136059,0.8242129471403686,0.8907878385293532
298,7.682925141532387,4.848699797315877,9.590232423591786,39.2152771013866,19.216915375492345,0.9354626987136059,0.9060987542891326,0.922767473844029
299,2.3235834502326718,1.5323464967394833,-12.506693095947327,39.3494699444366,20.46767025860972,0.9354626987136059,0.8405133331609962,0.9222379972890185
300,1.223040052782705,2.710910972412079,25.30924451867746,78.77007255086916,36.13887703702026,0.9354626987136059,0.7348064659858797,0.6883894486114669
301,4.18219247182869,0.3968997727207213,-40.292295854852256,85.56358728851845,41.06975509933682,0.9354626987136059,0.5354732630829137,0.6323220103906977
302,8.751378831689843,4.391441011063189,-1.020810141350097,32.90647806795349,15.854530864794752,0.9354626987136059,0.9517971970793166,0.9456183388308544
303,1.4383638547227475,-0.9306024298397515,-38.136338808347716,75.89838504442481,40.170122134485766,0.9354626987136059,0.5526103813003591,0.7106958029759168
304,6.54649876654614,2.2408059737872237,-23.879795036931426,62.31392144893713,28.29803580516784,0.9354626987136059,0.7240305029143598,0.8049886769063256
305,3.7175259102706684,6.161973626899193,42.41730682514559,95.66118041709647,46.14839450319535,0.9354626987136059,0.5658076217347872,0.540419984962581
306,1.5113615306383283,5.475274314848978,56.69662131138257,120.89129280834031,60.68821755390627,0.9354626987136059,0.41865660222967116,0.2660276362377211
307,7.84265020999944,0.6072321298478842,-47.86683795419834,103.13139483682646,48.58447070555538,0.9354626987136059,0.43194342636098304,0.46583989698280504
308,9.008067381830855,-0.685684959563738,-68.3872542837575,130.9548939685247,69.35644007462389,0.9354626987136059,0.15146964670231478,0.13874227485087398
309,5.957105872613443,6.993393676853055,43.56124345058454,94.87357794187646,46.895838599265616,0.9354626987136059,0.5538054450150057,0.5479565065894498
310,2.022722818797948,2.6414311128382515,8.29500855276794,50.829051112423855,23.49105697205638,0.9354626987136059,0.900001425988486,0.8702481172283713
311,7.362137137191166,1.747075802451712,-32.205400648138735,76.67428657212051,33.96803806592402,0.9354626987136059,0.6286980775761073,0.7047505132731495
312,8.77451872326457,0.3229058992766636,-53.698344517099194,112.1978665283116,54.47621365082706,0.9354626987136059,0.3546439523807252,0.3677936387075842
313,5.8144632735234545,2.6865461603633185,-17.021449249842874,49.20875066104631,23.36291889850125,0.9354626987136059,0.7997991549352066,0.8783885849174028
314,5.3689117539517826,3.812999009539574,0.18243381342784915,33.4693694502455,16.192725009516383,0.9354626987136059,0.9504958720930492,0.9437419435023391
315,5.764133567753829,5.98477098202114,30.900285668033305,74.25207371349279,35.227048533483575,0.9354626987136059,0.685821727637366,0.7231102761562516
316,6.349589990778654,5.924453100656433,28.324544228732336,69.4326777547798,32.92750416454597,0.9354626987136059,0.712304707501094,0.7578873433236454
317,1.167724373769344,0.6918890623107468,-4.775951037922724,48.0069262690886,24.4690181705485,0.9354626987136059,0.8815032902132935,0.8842562725030392
318,7.554967712521598,-0.45164171443976964,-61.01558532996425,120.81725714087017,61.85113426469382,0.9354626987136059,0.25938967839093263,0.2669263526503155
319,3.4775805645922073,2.657141147584848,-6.135020229034026,35.581094106134366,17.99632577481363,0.9354626987136059,0.9020784143537276,0.9364188673058111
320,1.690155454609732,4.236279341714069,36.67226492076803,92.15964060988696,43.05098944156926,0.9354626987136059,0.6236294629740062,0.5734487599635333
321,5.045883796215197,5.372850613481914,25.90484339995352,66.67499130504363,31.572936677130276,0.9354626987136059,0.739019226854803,0.7767375946733347
322,5.012590552144621,0.16541006303499595,-46.41679488635414,97.43657520561958,47.08895538374709,0.9354626987136059,0.4571878042616745,0.5232028124675481
323,1.1367045404762202,1.1310847462509246,2.9760047971075068,54.11547605829311,25.893693663171856,0.9354626987136059,0.9024706917949731,0.852927108621062
324,3.3511256003803473,3.5778436199205705,8.107016201283173,44.423789809245854,20.695883185744997,0.9354626987136059,0.912299390597791,0.9008892243258069
325,6.064237775920776,3.603407903532032,-5.756392752435559,34.65471201440365,16.952483069694427,0.9354626987136059,0.9112072394921894,0.9396865387745255
326,4.074862906721238,3.840750818904742,6.983776316973945,40.97251175301103,19.302531640161966,0.9354626987136059,0.9241692149527687,0.915690824754751
327,3.7656233175238043,5.947536390521394,39.389122664576846,90.71770815642385,43.394098394592376,0.9354626987136059,0.5975381296054452,0.5866920075205175
328,5.795310747909265,3.527304010949213,-5.779195426098951,34.63162809306961,16.981065204520437,0.9354626987136059,0.9105695889218093,0.9397668630599746
329,1.273397017745408,6.505767190856226,80.20927445838414,148.98605242924748,83.58621640588068,0.9354626987136059,0.1930961971128079,-0.11475875056664742
330,1.3271023510169893,6.662522969730866,80.70011211959856,149.58349651732942,84.05764265825579,0.9354626987136059,0.18805616043444817,-0.12371719169256656
331,7.6900592024675305,5.151288933874201,14.747134880900418,45.82675991915803,22.242642636874052,0.9354626987136059,0.8548309979744436,0.8945302373081303
332,6.262774984302802,2.2036696238320497,-24.222942877754875,61.95553244765609,28.196747017480654,0.9354626987136059,0.721411058584998,0.8072253819995352
333,1.175363955146558,-0.8839594465063827,-32.60869840144494,67.67380287796473,36.6148022399451,0.9354626987136059,0.6090863630764622,0.7699984155084874
334,3.1268307453453357,3.31105894811155,5.842461055275791,42.66992048621174,19.88559013959793,0.9354626987136059,0.9275345855254608,0.9085606077212373
335,1.5816865432541678,1.1758023540287135,-6.558822932863421,42.405877089244335,21.67353832967323,0.9354626987136059,0.8842123856197179,0.9096887685191803
336,10.219198910103787,4.171515777161084,-7.857910574636776,39.33298459307064,18.255753539141473,0.9354626987136059,0.8938946363897136,0.9223031399914785
337,10.011761641103607,0.4513945512784945,-53.843052359899325,113.04453670758134,54.603781551770346,0.9354626987136059,0.35042624814465206,0.35821609638100027
338,7.06079013197795,4.8040355008848215,10.561552089320116,40.80953487549014,19.898824903800605,0.9354626987136059,0.8966966949893551,0.9163602061408588
339,7.315151730238864,0.5265614668032548,-48.46843606836275,103.76378519259028,49.16792787031813,0.9354626987136059,0.4246993729052999,0.45926899066938365
340,8.804139448787993,6.035989330502585,24.056896350771396,60.56170007173207,29.04062517677636,0.9354626987136059,0.7557365758830032,0.8158016311662933
341,5.617716348723993,1.4436964695000758,-32.19206498602051,73.45584766047205,33.48477938975379,0.9354626987136059,0.6332787926769248,0.729016771069698
342,4.3892457677541525,5.488530580282116,30.527058283430975,75.01006326023686,35.43283190043516,0.9354626987136059,0.6909013284087998,0.7174282590696168
343,7.278853178361794,0.8017015025398011,-44.510496304450825,97.15153200828814,45.177593503252794,0.9354626987136059,0.47647669659422187,0.5259883988991865
344,5.094954888929892,5.193456394107608,23.080014765498575,61.99227520029894,29.37649672968914,0.9354626987136059,0.7684876328488778,0.8069966640744737
345,7.209854416241318,6.542926413013406,34.191026950781165,78.26081977935299,37.76337555414872,0.9354626987136059,0.6506098471330385,0.69240558232385
346,10.17058710718689,2.727802360502797,-26.09698887822681,70.21592692805159,31.052435343222232,0.9354626987136059,0.6960026339022432,0.7523941332252538
347,4.133924313444384,1.6374481479483984,-24.02053207970218,56.03792043423713,26.517717750557395,0.9354626987136059,0.726324597078309,0.8422920144590659
348,2.7179850463622297,1.9065993952048164,-10.150818726334222,37.62935624095561,19.37930304119214,0.9354626987136059,0.8640058208375347,0.9288879430647827
349,4.620976975781199,0.8344163511148919,-36.1887042774236,78.98385718661399,37.085565086479896,0.9354626987136059,0.5854338602460217,0.6866957101851878
350,8.282933608552678,5.018367976633125,11.526392330494517,40.967471566162054,20.08119907745233,0.9354626987136059,0.8874264782678712,0.9157115658732109
351,5.538919753699367,6.809285078842643,42.99237994474261,94.03574217854597,46.36515568901727,0.9354626987136059,0.5600269873934913,0.5559053134254495
352,1.7266012284255092,6.141688535197448,62.06175826250096,127.3218411404824,65.53364964320181,0.9354626987136059,0.36567721165246203,0.18586676501644772
353,2.8673302581300737,3.938205659425485,17.969777044704713,59.45815390792246,27.32840165255729,0.9354626987136059,0.8189149347767979,0.82245334050215
354,3.794583687755489,3.020567073592453,-3.0288442461664147,34.9249021842032,17.215977040650923,0.9354626987136059,0.927829659912176,0.9387423882810246
355,8.702253133088206,2.60333752186033,-24.974900303630022,66.9425229498749,29.969366190628392,0.9354626987136059,0.7100833540452268,0.7749423311301296
356,3.1857968965292893,3.34420845010201,6.546597617207809,43.010125947317896,20.16729813455291,0.9354626987136059,0.9232174203005787,0.9070967103266316
357,2.1940374212195577,1.484717959948632,-11.641938456653932,39.30515497077489,20.515746447056525,0.9354626987136059,0.8477786075236512,0.9224130482195589
358,3.4262944618190807,6.890738714963848,53.508653741783164,113.43850473258405,56.925097042388124,0.9354626987136059,0.44984674308051864,0.35373497892277284
359,7.894931679898261,4.819508102829629,8.502211672688546,37.962911373359795,18.72487849990579,0.9354626987136059,0.9162764369665561,0.9276216487271856
360,8.868109698544519,2.7435586781756482,-23.807508474153195,64.94923030718894,29.152688566600737,0.9354626987136059,0.7235568857844499,0.7881455058091401
361,7.005402791349589,4.460186079710624,5.592049791597461,35.385450073978596,17.522494171964222,0.9354626987136059,0.9405221038801161,0.9371161516686385
362,6.786556794090812,2.2843782156247845,-24.11642630751645,63.009802791601366,28.54616989083713,0.9354626987136059,0.7212702017860874,0.800608837881041
363,1.6763726083515467,2.8659123754712503,18.255163015942216,65.71487840121326,29.614997819683435,0.9354626987136059,0.8088571337423947,0.7831212102418481
364,5.146697260684098,1.0630275493451782,-35.48800740147219,78.65074834677932,36.420389849646924,0.9354626987136059,0.5933810583023875,0.6893328149658748
365,5.650707169794392,3.903417068818923,0.8575745500404963,33.31854832742598,16.136190424748275,0.9354626987136059,0.9527655628805798,0.9442478260969828
366,1.0536900145885553,5.514039545483528,70.88414627209666,139.43365430390685,74.74870416351222,0.9354626987136059,0.2802345679308894,0.023606492227656428
367,1.233152523735524,3.6469421289951107,38.483555989621365,96.90024129757295,45.6456164955724,0.9354626987136059,0.6028979919820391,0.5284373703048975
368,7.747263938063611,4.370291636336117,1.111338274263403,32.79172376194268,15.901923434058295,0.9354626987136059,0.9582793226984949,0.9459969663167672
369,8.370712147023639,6.310147999311683,28.126732350908284,67.57637116338461,32.21396257371338,0.9354626987136059,0.7131015578794861,0.7706602171525794
370,9.86874659744645,-0.26022228154251925,-62.67712302015121,124.0410812272481,63.524576733535234,0.9354626987136059,0.23241727138206758,0.22728249595232253
371,1.2963933300071036,6.107846470220357,71.5729110102997,139.77331192591157,74.9770385616446,0.9354626987136059,0.2733375659578581,0.018843747791621346
372,10.068968250584762,2.773539997202218,-25.434457391015826,68.92311991299432,30.559040219115463,0.9354626987136059,0.7038530652600414,0.7614279730878848
373,2.2885253177561604,-0.013832307449602954,-34.17254162824459,70.2181471938481,35.5236347829184,0.9354626987136059,0.6063216963386286,0.7523784741133464
374,9.353247844695524,4.98683780486764,8.268448629668114,37.26140786445157,18.502654582710353,0.9354626987136059,0.9184013045129185,0.9302718434065632
375,8.963943661110147,4.777276255498768,5.216769062394235,34.87298179641712,17.38905431391328,0.9354626987136059,0.9442534988444535,0.9389243876356386
376,5.82979317155313,2.264124031015187,-21.525018797131935,56.89013217582879,26.33613027302696,0.9354626987136059,0.7505518639630412,0.8374587671658504
377,5.41949309015354,1.3399394600835124,-32.68996847660031,74.07707212901019,33.892593212388384,0.9354626987136059,0.6275538217820109,0.7244139175459419
378,7.367605873356896,4.486071362716315,4.8706772217444865,34.67095380246792,17.210953158424342,0.9354626987136059,0.9458965816952231,0.9396299907350689
379,6.4343380241662445,-0.32117816137349375,-57.55056675456665,115.68273930505546,58.3424251429636,0.9354626987136059,0.3085768824894147,0.32791099331827467
380,3.9261743552081008,6.357560147243249,43.71754433214004,97.5015848120909,47.34455293330759,0.9354626987136059,0.5520417137704953,0.5225663628007011
381,3.6791995462007114,2.1402366706533926,-14.52373586844871,41.55510603766522,20.49653820793647,0.9354626987136059,0.8245750643142511,0.9132761691753415
382,7.102046681613696,0.13168416081996526,-52.795339733916066,109.90034363345407,53.57587539442521,0.9354626987136059,0.3697893480437974,0.39342044996930026
383,5.30755727067963,4.124136542903591,5.37885102736638,36.92436364700408,17.672256213503932,0.9354626987136059,0.9390447539432141,0.9315275759859194
384,7.818857092312807,0.5156251432238375,-49.613536557114564,105.9475556534036,50.32937240438061,0.9354626987136059,0.40882614931094186,0.436269481491772
385,4.371477680755978,6.201633144839902,39.39731595210783,89.85087354842356,43.14765662321778,0.9354626987136059,0.5974590080762402,0.594552831882228
386,9.287304176497345,0.27124971131363296,-55.06271261891313,114.1477236959045,55.860048066978614,0.9354626987136059,0.336258400227884,0.34562880379732985
387,9.339495922692162,4.431328009618791,-1.5506366206536768,33.29625918372773,16.01494267459333,0.9354626987136059,0.9490930203677095,0.9443223943253993
388,10.206957976379401,0.04275336014477116,-58.72911686504139,119.01361026316675,59.59401516978483,0.9354626987136059,0.287229553852157,0.2886506759029518
389,4.464062195676199,0.3354724679688732,-42.252649962543316,89.44535857149098,42.950732452703,0.9354626987136059,0.5107307076757284,0.5982043017872789
390,5.479884621241684,2.5078779812281864,-17.821666429168502,50.21666884207314,23.850261367389958,0.9354626987136059,0.7910821475966204,0.873355753594631
391,1.4779479902641428,2.5437727970349084,16.99860008870344,65.5406129079554,29.806687657453356,0.9354626987136059,0.8183183415084929,0.7842699417827189
392,2.510835110251857,1.1779442720987672,-18.680037860300956,44.36767574942276,22.33286491218747,0.9354626987136059,0.7799511339444938,0.9011394504096406
393,4.81757325968509,4.725709554296083,17.370905209955353,53.48718677894736,25.325210481498264,0.9354626987136059,0.827507391953218,0.8563223631101617
394,8.404307815634294,-0.5244727532239999,-63.07395562662763,124.03857385834854,63.94062066321459,0.9354626987136059,0.2284646301613874,0.22731373509078234
395,4.9157067581893426,1.8013323207020382,-24.56993972627494,59.15252910708435,27.34199839840887,0.9354626987136059,0.7187569630616595,0.8242738882096028
396,3.66937222002648,6.173044769995217,42.81400299076036,96.38230394350164,46.535084607766855,0.9354626987136059,0.5616239680145743,0.5334649565997136
397,2.76184498051147,6.223311022443299,49.53551698981299,108.58771558860714,53.17147642873742,0.9354626987136059,0.4908136368524916,0.4078236519083439
398,10.30912843231282,5.553443340863195,15.948029572676887,46.29904913953418,22.62517701516449,0.9354626987136059,0.8408057973045645,0.8923450985912905
399,2.5290371497566264,6.982438027572948,62.820806823347695,127.12867514223686,66.05824739676143,0.9354626987136059,0.3573792963714586,0.188335211312311
400,1.8471914185457905,3.742451590361144,27.03128899931899,77.36005286928783,35.50959803864762,0.9354626987136059,0.7228609420537282,0.6994455381495115
401,9.048139450654599,5.815402816013807,20.916405748640344,55.18126517115845,26.650798531000763,0.9354626987136059,0.7890210907667975,0.8470769430620719
402,9.93514636159281,-0.7593405848440571,-70.38993921771589,133.88195966851004,71.37230009071811,0.9354626987136059,0.11975202880297897,0.09981082710944422
403,1.7616344048629822,3.773064582192271,28.837387533188135,80.39699655376869,36.98493156737405,0.9354626987136059,0.7040826426770471,0.6753844548043272
404,9.612235857347828,1.4272457207856193,-40.63897526765079,93.37530678751185,41.50333557572755,0.9354626987136059,0.5218476087285084,0.5621213733607728
405,9.807079280786485,1.0007610029716445,-46.679327871927114,102.80140777902527,47.39247933311535,0.9354626987136059,0.4443765674995678,0.4692527069063416
406,9.14618994315418,-0.5990470107358491,-67.47410710924076,129.81774498608277,68.4220549510531,0.9354626987136059,0.1645099145477159,0.15363482437247722
407,4.600661786882604,3.944949155797265,6.092464622241181,38.66581324841663,18.38240676369285,0.9354626987136059,0.9324604320116515,0.9249165945782777
408,3.387947160641764,6.7112160241876735,51.83945059918385,110.8378653196265,55.26957955885256,0.9354626987136059,0.4671343752683702,0.3830272687319586
409,10.317002339842846,0.1937721527070111,-57.313777311330874,117.29112848077561,58.145743035114066,0.9354626987136059,0.30555337960742224,0.3090923628048592
410,5.717724864349786,4.8314887109589515,15.334533032243485,48.92963079495289,23.389886906351723,0.9354626987136059,0.8486771909033375,0.8797642708713881
411,2.1733848133838913,6.462377974830613,59.162914083409206,122.95247880411975,62.550853248222836,0.9354626987136059,0.39372397616711874,0.24078594127989872
412,3.631234233895598,6.928156255753228,52.605119003687534,111.90250466442576,56.01328468508229,0.9354626987136059,0.45903833024337204,0.37111783499198037
413,9.560853560917614,2.4005707611503166,-28.612705520484965,73.88016078395422,32.51291463354343,0.9354626987136059,0.6667750414324949,0.7258770936613567
414,6.646098069566639,1.7050014468944212,-30.981032687755715,73.51422842574675,32.790749940181925,0.9354626987136059,0.644388784335429,0.7285858592899765
415,3.4439460732595255,0.431673514247926,-36.07243836251554,76.78772868867951,37.09514655295847,0.9354626987136059,0.5869311141677092,0.7038762044085166
416,1.4209870067271,-0.8663916669118906,-36.90652084083574,74.45984221838461,39.46671135393958,0.9354626987136059,0.5658997566007508,0.7215585497620352
417,9.782758580323387,0.1714706768003329,-56.87181089440234,116.53610497522692,57.69838638162324,0.9354626987136059,0.31213341193014976,0.31795872008175063
418,2.6730210194371056,1.7646980013626345,-11.691524256843493,37.737631103206674,19.289285403100298,0.9354626987136059,0.8493434197863193,0.9284781180537404
419,2.599475909380519,5.384802473799649,41.10353535018406,95.3213880641979,45.495871819426895,0.9354626987136059,0.5800000171328195,0.5436790797705046
420,6.131672792310926,-0.4125739752342742,-57.783677088456095,115.79024331959282,58.583859690365536,0.9354626987136059,0.3059684537544194,0.3266612677531898
421,9.085903649745665,2.124671218949166,-31.31418289542674,77.4867595181908,34.135954434340164,0.9354626987136059,0.6363226720060903,0.698460186294704
422,1.256252885030346,2.302062382535643,19.35560206039888,70.1015331090839,31.930667664663396,0.9354626987136059,0.7935405751936954,0.7532002610976924
423,4.157032903868774,2.9314669149527064,-6.218095985249008,35.076073643018994,17.544284622569403,0.9354626987136059,0.9039004488092934,0.9382109368728352
424,9.626690233437339,0.014440253546806003,-58.229282620923705,118.1413238510558,59.086978741231135,0.9354626987136059,0.294780933416239,0.2990398478944426
425,2.1042090520415044,6.6343359215124424,62.485990164168,127.39153408696721,65.78225369803656,0.9354626987136059,0.360855636628163,0.18497524676078503
426,8.007084444403484,6.9573412849113385,37.869204831076885,83.64055820819662,41.20216045431125,0.9354626987136059,0.6126416752166304,0.6486633070659452
427,4.865610784384436,3.664274450640148,0.27354758975610594,34.030300792796886,16.475062201521744,0.9354626987136059,0.94894174014622,0.9418404229563974
428,7.474401795007961,5.03487327537113,13.702250593735656,44.39640846815112,21.582126535161,0.9354626987136059,0.8656547524332019,0.9010113638201189
429,1.8941698391606638,1.9717310686091656,0.05656802930803906,43.62412282145538,21.357176488709904,0.9354626987136059,0.9252920106671672,0.9044252702441653
430,3.8447612364179404,2.9409823004653943,-4.334107915214673,34.83819238854569,17.341240859005655,0.9354626987136059,0.9183775923652115,0.9390461853388458
431,1.935677182299687,3.1691450133148917,17.516300731122826,63.22995137720636,28.518644824750634,0.9354626987136059,0.8180983417021215,0.7992131069483461
432,6.51411643226042,-0.9028677950812054,-66.75846914792643,127.4192851603833,67.68839964288242,0.9354626987136059,0.1810668557694154,0.18462011679918644
433,1.520747240063335,1.45682376961719,-2.0612001714414134,45.67562499473922,22.711936372711342,0.9354626987136059,0.9100579487772793,0.8952247607529636
434,2.045026934657649,4.111127803150891,29.44577727927394,80.02863556917907,36.96904319178371,0.9354626987136059,0.6992575145610899,0.6783522713260397
435,9.892597027670531,-0.7252648871317046,-69.95655490613845,133.3091144451344,70.93287541077937,0.9354626987136059,0.12640055632907798,0.10749768594906672
436,7.290503137215525,5.181942310558478,16.131926956739264,48.288471513979324,23.359900504780196,0.9354626987136059,0.8405393559021428,0.8828946917861383
437,4.261906973719923,0.7381980012209888,-35.732775763530896,77.56502456066883,36.66836753162983,0.9354626987136059,0.5913303599070187,0.697850741661616
438,4.361635265275538,5.837601452003609,34.86484821398052,82.45014363962294,39.139540667883075,0.9354626987136059,0.6449868328043566,0.6585929405268709
439,9.109567689565203,-0.2745329114003243,-61.7778468794462,122.50567555415516,62.61664668945482,0.9354626987136059,0.24639078108955803,0.24629380836840287
440,4.232555351361358,1.2718402947631935,-28.873074276581406,64.92662771756066,30.308444215379854,0.9354626987136059,0.6725606525138346,0.7882929325598158
441,3.6018554299585785,1.7330434166203768,-18.850325754201705,46.71589963168595,22.479796742076758,0.9354626987136059,0.7798450357715123,0.8903978440127597
442,4.552703841054911,3.36950198191282,-2.0402783095902066,33.886386858702686,16.5960507489211,0.9354626987136059,0.9365473266384686,0.9423312957996899
443,3.3589217788153003,4.618988352166834,24.349570210150418,67.26328133613602,31.425520981661112,0.9354626987136059,0.7551782731528753,0.772780414298026
444,5.188782465630686,3.8792633722230994,1.970465978952106,34.398833867196,16.568211810103495,0.9354626987136059,0.9524112102211288,0.9405739171590785
445,3.9009742181903673,3.148312522408843,-2.065437709109659,34.86464797660166,17.035283967938582,0.9354626987136059,0.9346608999129089,0.9389535754081588
446,8.661467307880887,3.110677386707369,-19.137526678851756,56.78473536871071,25.79714459078778,0.9354626987136059,0.7766280540191451,0.8380604693324489
447,9.059963783060548,6.408652054885197,28.325638136434705,67.44545360945968,32.30796030832854,0.9354626987136059,0.7106447317310935,0.7715479688660434
448,8.930413570364616,3.2385444164460795,-18.176682366302643,55.344985429819324,25.1959805738045,0.9354626987136059,0.787260246739209,0.8461681656507752
449,1.916015185863327,0.7109210199674598,-18.476300773540274,44.94489594080643,23.26181207540084,0.9354626987136059,0.7762636446397555,0.8985503805254035
450,3.2883214673869077,6.866904852308769,54.253008334756984,114.61662712584943,57.65030774919092,0.9354626987136059,0.4424429142531445,0.3402416246111504
451,8.100634073821505,2.370208044324142,-26.278944050299984,68.26408986874999,30.464196537163744,0.9354626987136059,0.6955830614456278,0.7659685234906164
452,1.2031614227573981,1.7986746042106576,11.667919397663056,61.999605804621055,28.5831119371135,0.9354626987136059,0.858641181074727,0.8069510159760279
453,4.4934466997156335,5.255206472096984,26.844581464744792,68.95850500537091,32.592793071522635,0.9354626987136059,0.7295600187902758,0.7611829447068971
454,8.202418356139555,0.7623698810765487,-46.94370498744587,101.92904772661771,47.64644460021162,0.9354626987136059,0.44358811820467636,0.4782221997246642
455,8.515460683254567,5.413446201501863,16.889112480807015,48.70060515921677,23.676024028186017,0.9354626987136059,0.8319816613098444,0.8808872148742957
456,7.527324331927353,2.979350113886477,-18.068249010633792,53.664341063748026,24.712422673301585,0.9354626987136059,0.7886021395126179,0.8553690409404044
457,10.351530519498699,0.6653084252748471,-51.28378303819651,109.88917887744088,52.03195653079067,0.9354626987136059,0.383041180459359,0.39354368832244435
458,2.3882993788768747,-0.538860067249705,-40.69747956700654,82.39357752065315,41.71478955588491,0.9354626987136059,0.5311192704575416,0.6590612343788198
459,5.740438908494909,2.8099683143533,-14.4004778308082,45.15975171660033,21.519029383306854,0.9354626987136059,0.8267221531948058,0.8975781172325069
460,7.42621786162593,0.9969815868608607,-42.37826756849847,93.85249311431608,43.042837628514604,0.9354626987136059,0.5032958500648512,0.5576344568473485
461,6.460466006173658,4.262788072922178,3.1724232014132667,33.96457934834572,16.464165814684847,0.9354626987136059,0.9531021197865183,0.9420648488568635
462,8.497024582182409,2.8057784715611223,-21.85554366357799,61.55747816575096,27.682695456109567,0.9354626987136059,0.7457154231673704,0.8096945160669539
463,2.9296098005142293,-0.950405920718674,-54.40562918573231,106.17853372040119,55.189837059114694,0.9354626987136059,0.358904843647182,0.4338088051596759
464,3.3001981552746265,3.188285975862959,2.770491408327601,39.04823508676768,18.548214218678694,0.9354626987136059,0.9421915518404993,0.9234240342918667
465,3.579700782636447,0.9832332766175687,-29.644091734623345,64.97968420119156,30.9719523482971,0.9354626987136059,0.6624902076751646,0.7879467873066118
466,6.734304352664734,1.023616480028123,-40.42084479321369,89.63937064546843,41.1066765183608,0.9354626987136059,0.5294369708528226,0.5964593759363711
467,3.245029025878399,1.588758183357538,-19.586868106010925,46.978632748761555,22.894591502825257,0.9354626987136059,0.7728493529063446,0.8891615586418319
468,8.142022184020949,3.5757680069559017,-11.91133423664023,43.49142736881265,20.39635279719763,0.9354626987136059,0.8524046104859562,0.9050058225948889
469,4.764166220233806,5.942287608455926,34.22095747022034,80.90530249334833,38.432497549771384,0.9354626987136059,0.6515149252010928,0.6712667481350216
470,5.904658474051514,3.207631595934732,-10.487836369301448,39.34303989529544,19.076316067793883,0.9354626987136059,0.8667761530217439,0.9222634092016136
471,7.770320627759399,6.265298486202613,28.85587525603573,69.1820264348433,32.94057665699711,0.9354626987136059,0.7058033028170065,0.7596322369742696
472,8.536652416577343,-0.20944309074705414,-60.31528694186128,120.2782677117506,61.1294215107426,0.9354626987136059,0.2680411569298695,0.27345253284249127
473,7.447890705959975,1.5479613594966914,-35.402318828033316,81.78109257807029,36.53969984549482,0.9354626987136059,0.5915716752895958,0.6641112326860639
474,10.26322531850343,6.6075411721258135,29.244541004704175,68.07336318678604,32.87694658080567,0.9354626987136059,0.7003853198684897,0.7672744426513098
475,8.83517617921726,6.737728760471018,33.651201019224644,75.9235444926119,37.066016557190345,0.9354626987136059,0.6555218414912705,0.7105039691085775
476,2.626668524313004,5.430774000438052,41.40014259402734,95.74466682052163,45.73946981731046,0.9354626987136059,0.5768385413647947,0.5396174561807148
477,9.588268782872854,0.22417486439481693,-56.01425255326635,115.42277966907614,56.82130532594831,0.9354626987136059,0.3235188691938513,0.33092820583647076
478,1.0240091791907924,-0.08728235762334668,-14.617188886061484,50.14003595976207,27.350971592690247,0.9354626987136059,0.7907991270235923,0.8737419882308612
479,6.698136583703765,5.779556824748703,25.617402459369444,64.69039807584173,30.713670727271193,0.9354626987136059,0.7403444411639247,0.7898306838745494
480,6.078574802849332,4.932467071711695,15.698804510893666,48.982524548748216,23.441172835511352,0.9354626987136059,0.8449705805463079,0.8795041766735706
481,1.5562167839109273,2.0975183157682844,7.471514684207449,53.75063896975045,25.08464214702062,0.9354626987136059,0.8976659660569553,0.8549035033292678
482,3.319939855106799,5.080346291401459,31.32742024458598,78.1262854855429,36.70290645727132,0.9354626987136059,0.6830907912790707,0.6934622139566027
483,6.232056030226466,2.677322026196022,-18.49140093002667,52.29037593218039,24.565766002696027,0.9354626987136059,0.7841358425633274,0.8626801905498648
484,7.87770253063276,-0.1851793190350094,-58.97756038749699,118.26644315511591,59.76852731667028,0.9354626987136059,0.28714870779386825,0.2975543373979913
485,3.5347484859616007,0.7857416146911962,-31.53301647062898,68.47503713922521,32.73443447677272,0.9354626987136059,0.6407506848349676,0.7645198971526086
486,6.844900302856442,-0.12484225289784823,-56.300145655856184,114.31544486682766,57.05270318880182,0.9354626987136059,0.32414330446406936,0.3437044108999543
487,6.859303579698348,0.20565352452067298,-51.455985442575155,107.77061840953343,52.213937294128336,0.9354626987136059,0.38771373972531953,0.4167020988499057
488,5.699850460295925,1.0940069009523854,-36.7971633747797,81.83349851546927,37.64325264609867,0.9354626987136059,0.5765111384275687,0.6636806146767943
489,9.923380490223485,-0.15793580934028273,-61.695304109442105,122.69776215336456,62.52284210364415,0.9354626987136059,0.24658405921955295,0.24392836101754933
490,4.081230755384885,4.757699464362555,21.499635997230328,61.39254713582965,28.857088044016812,0.9354626987136059,0.7846916148634284,0.8107129213821085
491,5.336849332282961,4.679106930527444,14.526164996333662,48.27586388671814,23.092542045161867,0.9354626987136059,0.8568277892863218,0.8829558338057912
492,4.758852036891799,6.806697344427358,45.87074606084484,99.63029162334558,49.25594080514384,0.9354626987136059,0.5298692065162438,0.5014916158096544
493,9.279849840622216,4.960723276362628,7.88999025276712,36.94978841374459,18.377312385606693,0.9354626987136059,0.9218802158308355,0.9314332483065677
494,9.363478334673696,0.3448817937794144,-54.305903250281915,113.25614696417306,55.083169505216354,0.9354626987136059,0.3458112980776459,0.35581111209170413
495,2.5628425288289476,1.6443644489773255,-13.510359322495702,39.612594816052656,20.446736342325202,0.9354626987136059,0.8323054605820295,0.9211945510903902
496,8.62049107081977,4.943819340580111,9.027206390984574,38.14842761595583,18.81394083693421,0.9354626987136059,0.9114342850703536,0.9269125267164678
497,9.965648217969854,2.3856398152508564,-29.369639490445948,75.58976147284558,33.14916005538028,0.9354626987136059,0.6572143621005249,0.7130437992785539
498,5.4023935981712405,4.403847002490173,9.522343186982226,41.53751057128591,19.908202179548628,0.9354626987136059,0.9054188212404347,0.9133495956845346
499,4.726804684035507,1.8777547650705069,-22.91414321538258,55.85910758704382,26.08574563170132,0.9354626987136059,0.7368449350546675,0.8432968776412169
